Supplier,Plant,Material,TOL_Material,Description,Latest_Forecast_Qty,Forecast_Source_Column
Alimentias,2910,10013700,13700,LQA BULK MANCHEGO 6M WHEEL,22,2024 Forecast
Alimentias,2910,10013701,13701,LQA BULK MANCHEGO C 12M WHL,13,2024 Forecast
Alimentias,2910,10013706,13706,LQA BULK CABRA AL VINO WHEEL,0,2024 Forecast
Alimentias,2910,10013711,13711,LQA 200G MANCHEGO 6 MTH,13,2024 Forecast
Alimentias,2910,10013712,13712,LQA 200G MANCHEGO 12 MTH,109,2024 Forecast
Alimentias,2910,10013714,13714,LQA 200G CABRA AL VINO,5,2024 Forecast
Alimentias,2910,10013730,13730,LQA BULK SHEEP CHS W ROSEMRY,8,2024 Forecast
Alimentias,2910,10013731,13731,LQA BULK IBERICO CHEESE  WHL,3,2024 Forecast
Alimentias,2910,10013742,13742,LQA 150G SHEEP CHS W TRUFFLE,7,2024 Forecast
Alimentias,2910,10013757,13757,LQA BULK SHEEP CHS W TRUFFLE,7,2024 Forecast
Alimentias,2910,10013759,13759,BULK SHP CHS AGD IN CASKS,2,2024 Forecast
Alimentias,2910,10013762,13762,LQA SHEEP BLACK GARLIC,3,2024 Forecast
Alimentias,2910,10013765,13765,MESETA SM SHEEP CHEESE 4 MO,0,2024 Forecast
Alimentias,2910,10013766,13766,MESETA SM SHEEP CHEESE 6 MO,0,2024 Forecast
Alimentias,2910,10013767,13767,MESETA SM SHEEP CHEESE 12 MO,0,2024 Forecast
Alimentias,2910,10013769,13769,1969 FIG CAKE ALMOND CRAN,2,2024 Forecast
Alimentias,2910,10013772,13772,QUINCE  prebook  only,0,2024 Forecast
Alimentias,2910,10014405,14405,LA MARQ ALMOND SALT,0,2024 Forecast
Alimentias,2910,10014406,14406,LA MARQ ALMOND TRUFFLE,2,2024 Forecast
Alimentias,2910,10014409,14409,1969 DATE CAKE ORNG & CHOC,0,2024 Forecast
Alimentias,2910,10014410,14410,MESETA SHEEP 4M 3KG,0,2024 Forecast
Alimentias,2910,10014411,14411,MESETA SHEEP 6M 3KG,0,2024 Forecast
Alimentias,2910,10014412,14412,MESETA SHEEP 12M 3KG,0,2024 Forecast
Alimentias,2910,10100398,00398,SHEEP With BLACK OLIVES,0,2024 Forecast
Alimentias,2910,10100400,00400,SHEEP With CARAMELIZED ONION,0,2024 Forecast
Alimentias,2910,10100401,00401,SHEEP With PEDRO XIMENEZ SHERRY,0,2024 Forecast
Alimentias,2920,10013700,13700,LQA BULK MANCHEGO 6M WHEEL,6,2024 Forecast
Alimentias,2920,10013701,13701,LQA BULK MANCHEGO C 12M WHL,38,2024 Forecast
Alimentias,2920,10013706,13706,LQA BULK CABRA AL VINO WHEEL,1,2024 Forecast
Alimentias,2920,10013730,13730,LQA BULK SHEEP CHS W ROSEMRY,2,2024 Forecast
Alimentias,2920,10013731,13731,LQA BULK IBERICO CHEESE  WHL,3,2024 Forecast
Alimentias,2920,10013742,13742,LQA 150G SHEEP CHS W TRUFFLE,7,2024 Forecast
Alimentias,2920,10013757,13757,LQA BULK SHEEP CHS W TRUFFLE,0,2024 Forecast
Alimentias,2920,10013759,13759,BULK SHP CHS AGD IN CASKS,0,2024 Forecast
Alimentias,2920,10013762,13762,LQA SHEEP BLACK GARLIC,3,2024 Forecast
Alimentias,2920,10013769,13769,1969 FIG CAKE ALMOND CRAN,0,2024 Forecast
Alimentias,2920,10013772,13772,QUINCE,0,2024 Forecast
Alimentias,2920,10014405,14405,LA MARQ ALMOND SALT,0,2024 Forecast
Alimentias,2920,10014406,14406,LA MARQ ALMOND TRUFFLE,0,2024 Forecast
Alimentias,2920,10014409,14409,1969 DATE CAKE ORNG & CHOC,0,2024 Forecast
Alimentias,2930,10013700,13700,LQA BULK MANCHEGO 6M WHEEL,17,2024 Forecast
Alimentias,2930,10013701,13701,LQA BULK MANCHEGO C 12M WHL,69,2024 Forecast
Alimentias,2930,10013706,13706,LQA BULK CABRA AL VINO WHEEL,4,2024 Forecast
Alimentias,2930,10013711,13711,LQA 200G MANCHEGO 6 MTH,32,2024 Forecast
Alimentias,2930,10013712,13712,LQA 200G MANCHEGO 12 MTH,25,2024 Forecast
Alimentias,2930,10013714,13714,LQA 200G CABRA AL VINO,3,2024 Forecast
Alimentias,2930,10013730,13730,LQA BULK SHEEP CHS W ROSEMRY,17,2024 Forecast
Alimentias,2930,10013731,13731,LQA BULK IBERICO CHEESE  WHL,5,2024 Forecast
Alimentias,2930,10013742,13742,LQA 150G SHEEP CHS W TRUFFLE,7,2024 Forecast
Alimentias,2930,10013757,13757,LQA BULK SHEEP CHS W TRUFFLE,9,2024 Forecast
Alimentias,2930,10013759,13759,BULK SHP CHS AGD IN CASKS,2,2024 Forecast
Alimentias,2930,10013762,13762,LQA SHEEP BLACK GARLIC,19,2024 Forecast
Alimentias,2930,10013765,13765,MESETA SM SHEEP CHEESE 4 MO,0,2024 Forecast
Alimentias,2930,10013766,13766,MESETA SM SHEEP CHEESE 6 MO,0,2024 Forecast
Alimentias,2930,10013767,13767,MESETA SM SHEEP CHEESE 12 MO,0,2024 Forecast
Alimentias,2930,10013769,13769,1969 FIG CAKE ALMOND CRAN,5,2024 Forecast
Alimentias,2930,10013772,13772,QUINCE,0,2024 Forecast
Alimentias,2930,10014405,14405,LA MARQ ALMOND SALT,4,2024 Forecast
Alimentias,2930,10014406,14406,LA MARQ ALMOND TRUFFLE,5,2024 Forecast
Alimentias,2930,10014409,14409,1969 DATE CAKE ORNG & CHOC,0,2024 Forecast
Cheeseland,2910,10010007,10007,CL GOODA NATURAL SMOKED,4,Forecast AS400
Cheeseland,2910,10010015,10015,CL GOAT CHEESE HONEY BEE,0,Forecast AS400
Cheeseland,2910,10010016,10016,CL GOODA DOUBLE CREAM,18,Forecast AS400
Cheeseland,2910,10010274,10274,CL KOKOS CHEESE COCONUT,20,Forecast AS400
Cheeseland,2910,10010466,10466,CL TRUFFLE NOIRE,0,Forecast AS400
Cheeseland,2910,10010695,10695,CL EWEPHORIA AGED (SHEEP),1,Forecast AS400
Cheeseland,2910,10010729,10729,CL GOODA WALNUTS,0,Forecast AS400
Cheeseland,2910,10010730,10730,CL GOODA OLIVES & TOMATO,6,Forecast AS400
Cheeseland,2910,10010732,10732,CL GOODA FINE HERBS,6,Forecast AS400
Cheeseland,2910,10010733,10733,CL GOODA W CHILI HOT PEPPERS,0,Forecast AS400
Cheeseland,2910,10010747,10747,CL GOAT CHEESE W CRAN XMAS seasonal,0,Forecast AS400
Cheeseland,2910,10010749,10749,CL GOODA CHEESE SPICED,0,Forecast AS400
Cheeseland,2910,10010752,10752,CL TWO SISTERS ISABELLA 250G,0,Forecast AS400
Cheeseland,2910,10010753,10753,CL GOODA RED PESTO prebook,4,Forecast AS400
Cheeseland,2910,10010755,10755,CL LAVENDER GOODA,0,Forecast AS400
Cheeseland,2910,10010789,10789,CL GOUDA CHEESE DELFT BLUE,10,Forecast AS400
Cheeseland,2910,10010794,10794,CL MIMOLETTE MATURED CHS prebook,0,Forecast AS400
Cheeseland,2910,10010796,10796,CL VAN GOAT CRANBRY,0,Forecast AS400
Cheeseland,2910,10010797,10797,CL VAN GOAT FENUGRK,0,Forecast AS400
Cheeseland,2910,10010798,10798,CL VAN GOAT TRUFFLE,0,Forecast AS400
Cheeseland,2910,10100366,00366,CL Gouda Strawberry,0,Forecast AS400
Cheeseland,2910,10100389,00389,CHL Yellow Meadow whl,0,Forecast AS400
Cheeseland,2910,10100390,00390,CHL Goat Cheese with Cranberries,0,Forecast AS400
Cheeseland,2910,10100391,00391,CHL Two Sisters - Serafina,0,Forecast AS400
Cheeseland,2910,10100392,00392,CHL Goat Cheese with Truffles,0,Forecast AS400
Cheeseland,2910,10100632,00632,,,
Cheeseland,2910,10100738,00738,,,
Cheeseland,2910,10100739,00739,,,
Cheeseland,2920,10010007,10007,CL GOODA NATURAL SMOKED,1,Forecast AS400
Cheeseland,2920,10010015,10015,CL GOAT CHEESE HONEY BEE,5,Forecast AS400
Cheeseland,2920,10010016,10016,CL GOODA DOUBLE CREAM,12,Forecast AS400
Cheeseland,2920,10010274,10274,CL KOKOS CHEESE COCONUT,10,Forecast AS400
Cheeseland,2920,10010466,10466,CL TRUFFLE NOIRE,0,Forecast AS400
Cheeseland,2920,10010695,10695,CL EWEPHORIA AGED (SHEEP),0,Forecast AS400
Cheeseland,2920,10010729,10729,CL GOODA WALNUTS,1,Forecast AS400
Cheeseland,2920,10010730,10730,CL GOODA OLIVES & TOMATO,0,Forecast AS400
Cheeseland,2920,10010732,10732,CL GOODA FINE HERBS,1,Forecast AS400
Cheeseland,2920,10010733,10733,CL GOODA W CHILI HOT PEPPERS,0,Forecast AS400
Cheeseland,2920,10010747,10747,CL GOAT CHEESE W CRAN XMAS,0,Forecast AS400
Cheeseland,2920,10010749,10749,CL GOODA CHEESE SPICED,1,Forecast AS400
Cheeseland,2920,10010753,10753,CL GOODA RED PESTO,1,Forecast AS400
Cheeseland,2920,10010755,10755,CL LAVENDER GOODA - launch,0,Forecast AS400
Cheeseland,2920,10010789,10789,CL GOUDA CHEESE DELFT BLUE,1,Forecast AS400
Cheeseland,2920,10010794,10794,CL MIMOLETTE MATURED CHS,0,Forecast AS400
Cheeseland,2920,10010796,10796,CL VAN GOAT CRANBRY,0,Forecast AS400
Cheeseland,2920,10010797,10797,CL VAN GOAT FENUGRK,0,Forecast AS400
Cheeseland,2920,10010798,10798,CL VAN GOAT TRUFFLE,0,Forecast AS400
Cheeseland,2920,10100366,00366,CL Gouda Strawberry,,
Cheeseland,2920,10100389,00389,CHL Yellow Meadow whl,,
Cheeseland,2920,10100390,00390,CHL Goat Cheese with Cranberries,,
Cheeseland,2920,10100391,00391,CHL Two Sisters - Serafina,,
Cheeseland,2920,10100392,00392,CHL Goat Cheese with Truffles,,
Cheeseland,2920,10100632,00632,,,
Cheeseland,2920,10100738,00738,,,
Cheeseland,2920,10100739,00739,,,
Cheeseland,2930,10010007,10007,CL GOODA NATURAL SMOKED,7,Forecast AS400
Cheeseland,2930,10010015,10015,CL GOAT CHEESE HONEY BEE,16,Forecast AS400
Cheeseland,2930,10010016,10016,CL GOODA DOUBLE CREAM,8,Forecast AS400
Cheeseland,2930,10010274,10274,CL KOKOS CHEESE COCONUT,4,Forecast AS400
Cheeseland,2930,10010466,10466,CL TRUFFLE NOIRE,4,Forecast AS400
Cheeseland,2930,10010695,10695,CL EWEPHORIA AGED (SHEEP),1,Forecast AS400
Cheeseland,2930,10010729,10729,CL GOODA WALNUTS,0,Forecast AS400
Cheeseland,2930,10010730,10730,CL GOODA OLIVES & TOMATO,0,Forecast AS400
Cheeseland,2930,10010732,10732,CL GOODA FINE HERBS,0,Forecast AS400
Cheeseland,2930,10010733,10733,CL GOODA W CHILI HOT PEPPERS,0,Forecast AS400
Cheeseland,2930,10010747,10747,CL GOAT CHEESE W CRAN XMAS,0,Forecast AS400
Cheeseland,2930,10010749,10749,CL GOODA CHEESE SPICED,0,Forecast AS400
Cheeseland,2930,10010753,10753,CL GOODA RED PESTO,0,Forecast AS400
Cheeseland,2930,10010755,10755,CL LAVENDER GOODA - launch,0,Forecast AS400
Cheeseland,2930,10010789,10789,CL GOUDA CHEESE DELFT BLUE,4,Forecast AS400
Cheeseland,2930,10010794,10794,CL MIMOLETTE MATURED CHS,0,Forecast AS400
Cheeseland,2930,10010796,10796,CL VAN GOAT CRANBRY,0,Forecast AS400
Cheeseland,2930,10010797,10797,CL VAN GOAT FENUGRK,0,Forecast AS400
Cheeseland,2930,10010798,10798,CL VAN GOAT TRUFFLE,0,Forecast AS400
Cheeseland,2930,10100366,00366,CL Gouda Strawberry,,
Cheeseland,2930,10100389,00389,CHL Yellow Meadow whl,,
Cheeseland,2930,10100390,00390,CHL Goat Cheese with Cranberries,,
Cheeseland,2930,10100391,00391,CHL Two Sisters - Serafina,,
Cheeseland,2930,10100392,00392,CHL Goat Cheese with Truffles,,
Cheeseland,2930,10100632,00632,,,
Cheeseland,2930,10100738,00738,,,
Cheeseland,2930,10100739,00739,,,
Vergeer,2910,10016104,16104,VER 500G ASST PORTIONS,5,Forecast AS400
Vergeer,2910,10016105,16105,VER 120G ASST PORTIONS,65,Forecast AS400
Vergeer,2910,10016121,16121,VERGEER ADVENT CALENDAR,0,Forecast AS400
Vergeer,2910,10030181,30181,OUR FINEST AGED GOUDA,400,Forecast AS400
Vergeer,2920,10016104,16104,VER 500G ASST PORTIONS,80,Forecast AS400
Vergeer,2920,10016105,16105,VER 120G ASST PORTIONS,112,Forecast AS400
Vergeer,2920,10016121,16121,VERGEER ADVENT CALENDAR,0,Forecast AS400
Vergeer,2920,10030181,30181,OUR FINEST AGED GOUDA,80,Forecast AS400
Vergeer,2930,10016104,16104,VER 500G ASST PORTIONS,15,Forecast AS400
Vergeer,2930,10016105,16105,VER 120G ASST PORTIONS,99,Forecast AS400
Vergeer,2930,10016121,16121,VERGEER ADVENT CALENDAR,0,Forecast AS400
Vergeer,2930,10030181,30181,OUR FINEST AGED GOUDA,70,Forecast AS400
Woerle,2910,10015113,15113,MB BULK AUSTRIAN SMK GRUYERE,37,Forecast AS400
Woerle,2920,10015113,15113,MB BULK AUSTRIAN SMK GRUYERE,40,Forecast AS400
Woerle,2930,10015113,15113,MB BULK AUSTRIAN SMK GRUYERE,120,Forecast AS400
Woerle,RU,10015113,15113,MB BULK AUSTRIAN SMK GRUYERE,,
Freisland,2910,10030150,30150,KROON SMOKD PROCESS CHS,40,Forecast AS400
Freisland,2910,10030152,30152,KROON EDAM MILD BALLS,23,Forecast AS400
Freisland,2910,10030179,30179,PARRANO ORIGINAL,1,Forecast AS400
Freisland,2910,10030180,30180,KROON EDAM MATURE BALL seasonal,0,Forecast AS400
Freisland,2910,10030184,30184,KROON GOUDA MILD,270,Forecast AS400
Freisland,2910,10030187,30187,KROON GOUDA MEDIUM,144,Forecast AS400
Freisland,2910,10030192,30192,KROON GOUDA AGED 7MTHS,72,Forecast AS400
Freisland,2910,10030193,30193,KROON GOUDA WITH CUMIN,216,Forecast AS400
Freisland,2910,10030194,30194,KROON GOAT CHEESE,90,Forecast AS400
Freisland,2920,10011092,11092,CANTENAAR LOW FAT/SALT 12KG,0,Forecast AS400
Freisland,2920,10011094,11094,CANTENAAR LOW FAT/SALT 3KG,6,Forecast AS400
Freisland,2920,10011398,11398,KROON POS KIT,35,Forecast AS400
Freisland,2920,10030145,30145,KROON GOUDA MILD,15,Forecast AS400
Freisland,2920,10030146,30146,KROON GOUDA MEDIUM,15,Forecast AS400
Freisland,2920,10030147,30147,KROON GOUDA AGED 7 MTHS,5,Forecast AS400
Freisland,2920,10030148,30148,KROON GOUDA WITH CUMIN,27,Forecast AS400
Freisland,2920,10030149,30149,KROON GOAT CHEESE,15,Forecast AS400
Freisland,2920,10030150,30150,KROON SMOKD PROCESS CHS,12,Forecast AS400
Freisland,2920,10030179,30179,PARRANO ORIGINAL,0,Forecast AS400
Freisland,2920,10030180,30180,KROON EDAM MATURE BALL,0,Forecast AS400
Freisland,2920,10030184,30184,KROON GOUDA MILD,27,Forecast AS400
Freisland,2920,10030187,30187,KROON GOUDA MEDIUM,27,Forecast AS400
Freisland,2920,10030192,30192,KROON GOUDA AGED 7MTHS,9,Forecast AS400
Freisland,2920,10030193,30193,KROON GOUDA WITH CUMIN,25,Forecast AS400
Freisland,2920,10030194,30194,KROON GOAT CHEESE,27,Forecast AS400
Freisland,2930,10011092,11092,CANTENAAR LOW FAT/SALT 12KG,12,Forecast AS400
Freisland,2930,10011094,11094,CANTENAAR LOW FAT/SALT 3KG,15,Forecast AS400
Freisland,2930,10011398,11398,KROON POS KIT,30,Forecast AS400
Freisland,2930,10030145,30145,KROON GOUDA MILD,12,Forecast AS400
Freisland,2930,10030146,30146,KROON GOUDA MEDIUM,20,Forecast AS400
Freisland,2930,10030147,30147,KROON GOUDA AGED 7 MTHS,10,Forecast AS400
Freisland,2930,10030148,30148,KROON GOUDA WITH CUMIN,10,Forecast AS400
Freisland,2930,10030149,30149,KROON GOAT CHEESE,15,Forecast AS400
Freisland,2930,10030150,30150,KROON SMOKD PROCESS CHS,10,Forecast AS400
Freisland,2930,10030179,30179,PARRANO ORIGINAL,0,Forecast AS400
Freisland,2930,10030152,30152,KROON EDAM MILD BALLS,,
Freisland,2930,10030184,30184,KROON GOUDA MILD,21.6,Forecast AS400
Freisland,2930,10030187,30187,KROON GOUDA MEDIUM,36,Forecast AS400
Freisland,2930,10030192,30192,KROON GOUDA AGED 7MTHS,18,Forecast AS400
Freisland,2930,10030193,30193,KROON GOUDA WITH CUMIN,18,Forecast AS400
Freisland,2930,10030194,30194,KROON GOAT CHEESE,27,Forecast AS400
Bothwell,2910,10033105,33105,BC 170G MARBLE CHEDDAR CHS,13,Forecast AS400
Bothwell,2910,10033108,33108,BC 170G MUENSTER CHEESE,150,Forecast AS400
Bothwell,2910,10033110,33110,BC 170G HABANERO BLK PEP MJ,241,Forecast AS400
Bothwell,2910,10033113,33113,BC 170G JALAPENO MJ CHEESE,235,Forecast AS400
Bothwell,2910,10033114,33114,BC 170G HOT CHILI PEP MJ CHS,288,Forecast AS400
Bothwell,2910,10033115,33115,BC 170G EXTRA OLD WHT CHEDD,170,Forecast AS400
Bothwell,2910,10033119,33119,BC 170G MAPLE SMK EXTRA OLD,272,Forecast AS400
Bothwell,2910,10033120,33120,BC 170G SMOKED GOUDA CHEESE,237,Forecast AS400
Bothwell,2910,10033121,33121,BC 170G RED WINE EX OLD CHE,65,Forecast AS400
Bothwell,2910,10033123,33123,BC 170G BLK TRUFFLE MJ CHS,230,Forecast AS400
Bothwell,2910,10033127,33127,BC BULK JALAPENO MJ CHEESE,10,Forecast AS400
Bothwell,2910,10033135,33135,BC BULK TRUFFLE MJ CHEESE,23,Forecast AS400
Bothwell,2910,10033139,33139,BC BULK SMOKED GOUDA,13,Forecast AS400
Bothwell,2910,10033145,33145,BC SQUEAK'RS WHITE CHEESE,275,Forecast AS400
Bothwell,2910,10033146,33146,BC SQUEAK'RS ORANGE CHEESE,36,Forecast AS400
Bothwell,2910,10033154,33154,BC SLICES VARIETY PACK CHS,220,Forecast AS400
Bothwell,2910,10033175,33175,BC 540G OLD CHEDDAR CHEESE,42,Forecast AS400
Bothwell,2910,10033176,33176,BC 540G JALAPENO MJ CHEESE,98,Forecast AS400
Bothwell,2910,10033185,33185,BC BULK MONTEREY JACK CHS,13,Forecast AS400
Bothwell,2910,10033218,33218,BC 540G SMOKED GOUDA CHEESE,87,Forecast AS400
Bothwell,2910,10033251,33251,BC SLICES CHEDDAR VARIETY PK,20,Forecast AS400
Bothwell,2910,10033253,33253,BC FS CHARCUTERIE BOX CHEESE,200,Forecast AS400
Bothwell,2910,10033262,33262,BC FS MARBLE CUBES CHEDD CHS,1275,Forecast AS400
Bothwell,2910,10033277,33277,BC BULK SHRED JALAPENO MJ,325,Forecast AS400
Bothwell,2910,10033279,33279,BC 250G LF MEDIUM CHEDDAR,125,Forecast AS400
Bothwell,2910,10033281,33281,BC 250G LF OLD WHT CHED,117,Forecast AS400
Bothwell,2910,10100088,00088,BC SPICY DILL PICKLE MJ 170 GR Loblaws,260,Forecast AS400
Bothwell,2910,10100089,00089,BC RED HOT CHILI MJ,260,Forecast AS400
Bothwell,2920,10033105,33105,BC 170G MARBLE CHEDDAR CHS,17,Forecast AS400
Bothwell,2920,10033108,33108,BC 170G MUENSTER CHEESE,13,Forecast AS400
Bothwell,2920,10033110,33110,BC 170G HABANERO BLK PEP MJ,14,Forecast AS400
Bothwell,2920,10033113,33113,BC 170G JALAPENO MJ CHEESE,20,Forecast AS400
Bothwell,2920,10033114,33114,BC 170G HOT CHILI PEP MJ CHS,10,Forecast AS400
Bothwell,2920,10033115,33115,BC 170G EXTRA OLD WHT CHEDD,28,Forecast AS400
Bothwell,2920,10033119,33119,BC 170G MAPLE SMK EXTRA OLD,12,Forecast AS400
Bothwell,2920,10033120,33120,BC 170G SMOKED GOUDA CHEESE,26,Forecast AS400
Bothwell,2920,10033121,33121,BC 170G RED WINE EX OLD CHE,10,Forecast AS400
Bothwell,2920,10033123,33123,BC 170G BLK TRUFFLE MJ CHS,12,Forecast AS400
Bothwell,2920,10033128,33128,BC BULK MARBLE CHEDDAR CHS,20,Forecast AS400
Bothwell,2920,10033129,33129,BC BULK MEDIUM CHEDDAR CHS,12,Forecast AS400
Bothwell,2920,10033130,33130,BC BULK MOZZARELLA CHEESE,6,Forecast AS400
Bothwell,2920,10033145,33145,BC SQUEAK'RS WHITE CHEESE,64,Forecast AS400
Bothwell,2920,10033146,33146,BC SQUEAK'RS ORANGE CHEESE,12,Forecast AS400
Bothwell,2920,10033154,33154,BC SLICES VARIETY PACK CHS,13,Forecast AS400
Bothwell,2920,10033171,33171,BC 540G MOZZARELLA CHEESE,4,Forecast AS400
Bothwell,2920,10033172,33172,BC 540G MILD CHEDDAR CHEESE,36,Forecast AS400
Bothwell,2920,10033173,33173,BC 540G MED CHEDDAR CHEESE,4,Forecast AS400
Bothwell,2920,10033174,33174,BC 540G MARBLE CHEDDAR CHS,16,Forecast AS400
Bothwell,2920,10033175,33175,BC 540G OLD CHEDDAR CHEESE,17,Forecast AS400
Bothwell,2920,10033176,33176,BC 540G JALAPENO MJ CHEESE,6,Forecast AS400
Bothwell,2920,10033182,33182,BC BULK MILD CHEDDAR CHEESE,3,Forecast AS400
Bothwell,2920,10033183,33183,BC BULK OLD CHEDDAR CHEESE,5,Forecast AS400
Bothwell,2920,10033246,33246,BC SQ CURDS WHITE CHEDDAR,15,Forecast AS400
Bothwell,2920,10033279,33279,BC 250G LF MEDIUM CHEDDAR,6,Forecast AS400
Bothwell,2920,10033281,33281,BC 250G LF OLD WHT CHED,7,Forecast AS400
Bothwell,2920,10100088,00088,BC SPICY DILL PICKLE MJ 170 GR,,
Bothwell,2930,10033105,33105,BC 170G MARBLE CHEDDAR CHS,6,Forecast AS400
Bothwell,2930,10033108,33108,BC 170G MUENSTER CHEESE,3,Forecast AS400
Bothwell,2930,10033113,33113,BC 170G JALAPENO MJ CHEESE,4,Forecast AS400
Bothwell,2930,10033114,33114,BC 170G HOT CHILI PEP MJ CHS,3,Forecast AS400
Bothwell,2930,10033115,33115,BC 170G EXTRA OLD WHT CHEDD,28,Forecast AS400
Bothwell,2930,10033119,33119,BC 170G MAPLE SMK EXTRA OLD,5,Forecast AS400
Bothwell,2930,10033120,33120,BC 170G SMOKED GOUDA CHEESE,9,Forecast AS400
Bothwell,2930,10033123,33123,BC 170G BLK TRUFFLE MJ CHS,6,Forecast AS400
Bothwell,2930,10033145,33145,BC SQUEAK'RS WHITE CHEESE,8,Forecast AS400
Bothwell,2930,10033154,33154,BC SLICES VARIETY PACK CHS,10,Forecast AS400
Bothwell,2930,10033279,33279,BC 250G LF MEDIUM CHEDDAR,29,Forecast AS400
Bothwell,2930,10033281,33281,BC 250G LF OLD WHT CHED,2,Forecast AS400
Bothwell,2930,10100088,00088,BC SPICY DILL PICKLE MJ 170 GR,,
Cows,2910,10033053,33053,COWS AVONLEA CHED QUARTER,30,Forecast AS400
Cows,2910,10033054,33054,COWS BULK AVONLEA CHED HALF,0,Forecast AS400
Cows,2910,10033055,33055,COWS AVONLEA CHED FULL WHEEL,0,Forecast AS400
Cows,2910,10033056,33056,COWS BULK EXTRA OLD CHEDDAR,15,Forecast AS400
Cows,2910,10033058,33058,COWS BULK APPLETREE SMK CHED,10,Forecast AS400
Cows,2910,10033060,33060,COWS BUTTER SEA SALTED,75,Forecast AS400
Cows,2910,10033061,33061,COWS BUTTER UNSALTED,40,Forecast AS400
Cows,2910,10033062,33062,COWS BUTTER CULTURED,45,Forecast AS400
Cows,2910,10033087,33087,COWS 200G CHEDDAR 3 YR OLD,75,Forecast AS400
Cows,2910,10033090,33090,COWS 200G CHEDDAR EXTRA OLD,90,Forecast AS400
Cows,2910,10033091,33091,COWS 200G CHEDDAR 1 YR OLD,50,Forecast AS400
Cows,2910,10033092,33092,COWS 200G CHEDDAR 2 YR OLD,33,Forecast AS400
Cows,2910,10033278,33278,COWS BULK BLUE MOO CHS,69,Forecast AS400
Cows,2910,10033290,33290,COWS 180G CHED APPLTREE SMK,150,Forecast AS400
Cows,2910,10033291,33291,COWS MOO CRISPS,225,Forecast AS400
Cows,2910,10033339,33339,COWS 150G CHEDDAR AVONLEA (33089),100,Forecast AS400
Cows,2920,10033060,33060,COWS BUTTER SEA SALTED,25,Forecast AS400
Cows,2920,10033061,33061,COWS BUTTER UNSALTED,15,Forecast AS400
Cows,2920,10033062,33062,COWS BUTTER CULTURED,17,Forecast AS400
Cows,2920,10033087,33087,COWS 200G CHEDDAR 3 YR OLD,40,Forecast AS400
Cows,2920,10033091,33091,COWS 200G CHEDDAR 1 YR OLD,25,Forecast AS400
Cows,2920,10033092,33092,COWS 200G CHEDDAR 2 YR OLD,30,Forecast AS400
Cows,2920,10033278,33278,COWS BULK BLUE MOO CHS,18,Forecast AS400
Cows,2920,10033290,33290,COWS 180G CHED APPLTREE SMK,43,Forecast AS400
Cows,2920,10033291,33291,COWS MOO CRISPS,40,Forecast AS400
Cows,2920,10033339,33339,COWS 150G CHEDDAR AVONLEA,13,Forecast AS400
Cows,2930,10033054,33054,COWS BULK AVONLEA CHED HALF,0,Forecast AS400
Cows,2930,10033056,33056,COWS BULK EXTRA OLD CHEDDAR,0,Forecast AS400
Cows,2930,10033058,33058,COWS BULK APPLETREE SMK CHED,5,Forecast AS400
Cows,2930,10033060,33060,COWS BUTTER SEA SALTED,15,Forecast AS400
Cows,2930,10033061,33061,COWS BUTTER UNSALTED,10,Forecast AS400
Cows,2930,10033062,33062,COWS BUTTER CULTURED,20,Forecast AS400
Cows,2930,10033087,33087,COWS 200G CHEDDAR 3 YR OLD,23,Forecast AS400
Cows,2930,10033091,33091,COWS 200G CHEDDAR 1 YR OLD,20,Forecast AS400
Cows,2930,10033092,33092,COWS 200G CHEDDAR 2 YR OLD,24,Forecast AS400
Cows,2930,10033278,33278,COWS BULK BLUE MOO CHS,10,Forecast AS400
Cows,2930,10033290,33290,COWS 180G CHED APPLTREE SMK,17,Forecast AS400
Cows,2930,10033291,33291,COWS MOO CRISPS,14,Forecast AS400
Cows,2930,10033339,33339,COWS 150G CHEDDAR AVONLEA,11,Forecast AS400
Anne of GG,2910,10033340,33340,COWS CHIPS MILK CHOCOLATE,200,Forecast AS400
Anne of GG,2920,10033340,33340,COWS CHIPS MILK CHOCOLATE,160,Forecast AS400
Anne of GG,2930,10033340,33340,COWS CHIPS MILK CHOCOLATE,71,Forecast AS400
AppleKiss,2910,10100093,00093,Applekiss Sparkling Bev Honeycrisp,20,Forecast AS400
AppleKiss,2910,10100094,00094,Applekiss Sparkling Bev Ginger Honeycris,20,Forecast AS400
AppleKiss,2910,10100095,00095,Applekiss Sparkling Bev Rhubarb Honeycri,20,Forecast AS400
AppleKiss,2920,10100093,00093,Applekiss Sparkling Bev Honeycrisp,5,Forecast AS400
AppleKiss,2920,10100094,00094,Applekiss Sparkling Bev Ginger Honeycris,5,Forecast AS400
AppleKiss,2920,10100095,00095,Applekiss Sparkling Bev Rhubarb Honeycri,5,Forecast AS400
AppleKiss,2930,10100093,00093,Applekiss Sparkling Bev Honeycrisp,2,Forecast AS400
AppleKiss,2930,10100094,00094,Applekiss Sparkling Bev Ginger Honeycris,2,Forecast AS400
AppleKiss,2930,10100095,00095,Applekiss Sparkling Bev Rhubarb Honeycri,2,Forecast AS400
Sabana,2910,10033020,33020,SABANA QUESO BLANCO,77,forecast
Sabana,2910,10033021,33021,SABANA QUESO FRESCO,200,forecast
Sabana,2910,10033023,33023,SABANA QUESO COTIJA,1000,forecast
Sabana,2910,10033298,33298,SABANA QUESO DURO,2,Forecast AS400
Sabana,2910,10100374,00374,Saban Quesco Cotija Bulk 4.4,,
Sabana,2920,10033020,33020,SABANA QUESO BLANCO,30,forecast
Sabana,2920,10033021,33021,SABANA QUESO FRESCO,40,Forecast AS400
Sabana,2920,10033023,33023,SABANA QUESO COTIJA,200,Forecast AS400
Sabana,2930,10033021,33021,SABANA QUESO FRESCO,100,Forecast AS400
Sabana,2930,10033023,33023,SABANA QUESO COTIJA,200,Forecast AS400
Sabana,Sum of Demand Forecast,FY/FM,,,,
Sabana,Row Labels,7,8,9,7,Forecast AS400
Sabana,SABANA QUESO BLANCO - FRESH SOFT WHITE CHEESE (10033020),0,3,31,28,Forecast AS400
Sabana,SABANA QUESO CHIHUAHUA (10033296),0,,,0,Forecast AS400
Sabana,"SABANA QUESO COTIJA - SEMI-HARD, SALTY, CRUMBLY CHEESE (10033023)",0,20,671,955,Forecast AS400
Sabana,SABANA QUESO DURO (10033298),0,0,,0,Forecast AS400
Sabana,SABANA QUESO FRESCO - GRILLING CHEESE (10033021),0,34,339,310,Forecast AS400
Sabana,SABANA QUESO SMKD CHIPOTLE CHIHUAHUA (10033297),0,,,0,Forecast AS400
Sabana,Grand Total,0,57,1041,1293,Forecast AS400
Stonetown,2910,10052110,52110,STW 170G FARMSTD GRUYERE,5,Forecast AS400
Stonetown,2910,10052111,52111,STW 170G FARMSTD FONTINA,6,Forecast AS400
Stonetown,2910,10052112,52112,STW 170G FARMSTD EMMENTAL,5,Forecast AS400
Stonetown,2910,10052114,52114,STW 170G FIRM APPNZLR STYL,4,Forecast AS400
Stonetown,2910,10052115,52115,STW 170G BERNESE MOUNTN CHS,3,Forecast AS400
Stonetown,2910,10052116,52116,STW 170G SMKD CHIPOTLE CHS,6,Forecast AS400
Stonetown,2910,10052117,52117,STW 170G JALAPENO CHILI CHS,2,Forecast AS400
Stonetown,2910,10052122,52122,STW 170G FARMSTD CRNBRRY CH,0,Forecast AS400
Stonetown,2910,10052123,52123,STW 170G FARMSTD TRFFLE CHS,0,Forecast AS400
Stonetown,2910,10052124,52124,STW BULK FARMSTD GRUYERE,0,Forecast AS400
Stonetown,2910,10052125,52125,STW BULK FARMSTD FONTINA,0,Forecast AS400
Stonetown,2910,10052126,52126,STW BULK FARMSTRD EMMENTAL,0,Forecast AS400
Stonetown,2910,10052128,52128,STW BULK FARMSTRD EMMENTAL,0,Forecast AS400
Stonetown,2920,10052111,52111,STW 170G FARMSTD FONTINA,40,Forecast AS400
Stonetown,2920,10052112,52112,STW 170G FARMSTD EMMENTAL,10,Forecast AS400
Stonetown,2920,10052114,52114,STW 170G FIRM APPNZLR STYL,10,Forecast AS400
Stonetown,2920,10052122,52122,STW 170G FARMSTD CRNBRRY CH,0,Forecast AS400
Stonetown,2920,10052123,52123,STW 170G FARMSTD TRFFLE CHS,0,Forecast AS400
Stonetown,2920,10052124,52124,STW BULK FARMSTD GRUYERE,0,Forecast AS400
Stonetown,2920,10052125,52125,STW BULK FARMSTD FONTINA,0,Forecast AS400
Stonetown,2920,10052126,52126,STW BULK FARMSTRD EMMENTAL,0,Forecast AS400
Stonetown,2930,10052110,52110,STW 170G FARMSTD GRUYERE,3,Forecast AS400
Stonetown,2930,10052111,52111,STW 170G FARMSTD FONTINA,25,Forecast AS400
Stonetown,2930,10052112,52112,STW 170G FARMSTD EMMENTAL,20,Forecast AS400
Stonetown,2930,10052114,52114,STW 170G FIRM APPNZLR STYL,10,Forecast AS400
Stonetown,2930,10052115,52115,STW 170G BERNESE MOUNTN CHS,2,Forecast AS400
Stonetown,2930,10052122,52122,STW 170G FARMSTD CRNBRRY CH,0,Forecast AS400
Stonetown,2930,10052123,52123,STW 170G FARMSTD TRFFLE CHS,,
Stonetown,2930,10052124,52124,STW BULK FARMSTD GRUYERE,0,Forecast AS400
Stonetown,2930,10052125,52125,STW BULK FARMSTD FONTINA,0,Forecast AS400
Stonetown,2930,10052126,52126,STW BULK FARMSTRD EMMENTAL,0,Forecast AS400
La Tortilla,2910,10070027,70027,"LTF WRAP IVORY TEFF GF 9.5""",500,Forecast AS400
La Tortilla,2910,10070069,70069,"LTF TORT HMS WHITE CORN 5.5""",130,Forecast AS400
La Tortilla,2910,10070070,70070,"LTF TORT HMS YLW CORN 5.5""",173,Forecast AS400
La Tortilla,2910,10070147,70147,LTF TORT CAULIFLOWER GF,315,Forecast AS400
La Tortilla,2910,10070156,70156,LTF TORT KETO FLOUR,270,Forecast AS400
La Tortilla,2910,10070141,70141,LTF WIRE RACK 5 SHELF LOGO,0,Forecast AS400
La Tortilla,2920,10070027,70027,"LTF WRAP IVORY TEFF GF 9.5""",142,Forecast AS400
La Tortilla,2920,10070069,70069,"LTF TORT HMS WHITE CORN 5.5""",20,Forecast AS400
La Tortilla,2920,10070070,70070,"LTF TORT HMS YLW CORN 5.5""",25,Forecast AS400
La Tortilla,2920,10070147,70147,LTF TORT CAULIFLOWER GF,95,Forecast AS400
La Tortilla,2920,10070156,70156,LTF TORT KETO FLOUR,90,Forecast AS400
La Tortilla,2920,10070252,70252,LTF WIRE RACK,2,Forecast AS400
La Tortilla,2920,10070041,70041,LTF WIRE RACK 5 SHELF LOGO,0,Forecast AS400
La Tortilla,2930,10070027,70027,"LTF WRAP IVORY TEFF GF 9.5""",165,Forecast AS400
La Tortilla,2930,10070069,70069,"LTF TORT HMS WHITE CORN 5.5""",150,Forecast AS400
La Tortilla,2930,10070070,70070,"LTF TORT HMS YLW CORN 5.5""",285,Forecast AS400
La Tortilla,2930,10070147,70147,LTF TORT CAULIFLOWER GF,161,Forecast AS400
La Tortilla,2930,10070156,70156,LTF TORT CAULIFLOWER GF,190,Forecast AS400
La Tortilla,2930,10070077,70077,LTF  WING DISPLAY,0,Forecast AS400
La Tortilla,2930,10070141,70141,LTF WIRE RACK 5 SHELF LOGO,0,Forecast AS400
Traditional,2910,10097041,97041,TRD IRISH MTR RAW MLK WH CH,5,Forecast AS400
Traditional,2910,10097042,97042,TRD IRISH MTR RAW MLK RED CH,6,Forecast AS400
Traditional,2910,10097043,97043,TRD IR CH HORSERAD RSMRY,10,Forecast AS400
Traditional,2910,10097044,97044,TRD IRISH CHED GARLIC HERBS,1,Forecast AS400
Traditional,2910,10097045,97045,TRD IRISH CH ONION CARAWAY,4,Forecast AS400
Traditional,2910,10097046,97046,TRD IRISH CH SUN TOM RSMY,15,Forecast AS400
Traditional,2910,10097047,97047,TRD IRISH CHED  BK PEP CHIVE,2,Forecast AS400
Traditional,2910,10097049,97049,TRD IRSH CHED BULK RAW WHT,2,Forecast AS400
Traditional,2910,10097050,97050,TRD IRSH CHED BULK RAW RED,5,Forecast AS400
Traditional,2910,10097051,97051,TRD IRSH CHED BULK HRSERAD,2,Forecast AS400
Traditional,2910,10097052,97052,TRD IRSH CHED BULK GRLC,0,Forecast AS400
Traditional,2910,10097053,97053,TRD IRSH CHED BULK ONION,0,Forecast AS400
Traditional,2910,10097054,97054,TRD IRSH CHED BULK SUN TOM,8,Forecast AS400
Traditional,2910,10097055,97055,TRD IRSH CHED BULK BLCK PEP,0,Forecast AS400
Traditional,2910,10097056,97056,TRD IRISH CHED TRIO BOX,0,Forecast AS400
Traditional,2920,10097041,97041,TRD IRISH MTR RAW MLK WH CH,0,Forecast AS400
Traditional,2920,10097042,97042,TRD IRISH MTR RAW MLK RED CH,0,Forecast AS400
Traditional,2920,10097043,97043,TRD IR CH HORSERAD RSMRY,0,Forecast AS400
Traditional,2920,10097044,97044,TRD IRISH CHED GARLIC HERBS,0,Forecast AS400
Traditional,2920,10097045,97045,TRD IRISH CH ONION CARAWAY,0,Forecast AS400
Traditional,2920,10097046,97046,TRD IRISH CH SUN TOM RSMY,0,Forecast AS400
Traditional,2920,10097047,97047,TRD IRISH CHED  BK PEP CHIVE,0,Forecast AS400
Traditional,2920,10097049,97049,TRD IRSH CHED BULK RAW WHT,0,Forecast AS400
Traditional,2920,10097050,97050,TRD IRSH CHED BULK RAW RED,0,Forecast AS400
Traditional,2920,10097051,97051,TRD IRSH CHED BULK HRSERAD,0,Forecast AS400
Traditional,2920,10097052,97052,TRD IRSH CHED BULK GRLC,0,Forecast AS400
Traditional,2920,10097053,97053,TRD IRSH CHED BULK ONION,0,Forecast AS400
Traditional,2920,10097054,97054,TRD IRSH CHED BULK SUN TOM,0,Forecast AS400
Traditional,2920,10097055,97055,TRD IRSH CHED BULK BLCK PEP,0,Forecast AS400
Traditional,2920,10097056,97056,TRD IRISH CHED TRIO BOX,0,Forecast AS400
Traditional,2930,10097041,97041,TRD IRISH MTR RAW MLK WH CH,0,Forecast AS400
Traditional,2930,10097042,97042,TRD IRISH MTR RAW MLK RED CH,0,Forecast AS400
Traditional,2930,10097043,97043,TRD IR CH HORSERAD RSMRY,0,Forecast AS400
Traditional,2930,10097044,97044,TRD IRISH CHED GARLIC HERBS,0,Forecast AS400
Traditional,2930,10097045,97045,TRD IRISH CH ONION CARAWAY,0,Forecast AS400
Traditional,2930,10097046,97046,TRD IRISH CH SUN TOM RSMY,0,Forecast AS400
Traditional,2930,10097047,97047,TRD IRISH CHED  BK PEP CHIVE,0,Forecast AS400
Traditional,2930,10097049,97049,TRD IRSH CHED BULK RAW WHT,0,Forecast AS400
Traditional,2930,10097050,97050,TRD IRSH CHED BULK RAW RED,0,Forecast AS400
Traditional,2930,10097051,97051,TRD IRSH CHED BULK HRSERAD,0,Forecast AS400
Traditional,2930,10097052,97052,TRD IRSH CHED BULK GRLC,0,Forecast AS400
Traditional,2930,10097053,97053,TRD IRSH CHED BULK ONION,0,Forecast AS400
Traditional,2930,10097054,97054,TRD IRSH CHED BULK SUN TOM,0,Forecast AS400
Traditional,2930,10097055,97055,TRD IRSH CHED BULK BLCK PEP,0,Forecast AS400
Traditional,2930,10097056,97056,TRD IRISH CHED TRIO BOX,0,Forecast AS400
Traditional,RU,10097041,97041,TRD IRISH MTR RAW MLK WH CH,,
Traditional,RU,10097042,97042,TRD IRISH MTR RAW MLK RED CH,,
Traditional,RU,10097043,97043,TRD IR CH HORSERAD RSMRY,,
Traditional,RU,10097044,97044,TRD IRISH CHED GARLIC HERBS,,
Traditional,RU,10097045,97045,TRD IRISH CH ONION CARAWAY,,
Traditional,RU,10097046,97046,TRD IRISH CH SUN TOM RSMY,,
Traditional,RU,10097047,97047,TRD IRISH CHED  BK PEP CHIVE,,
Traditional,RU,10097049,97049,TRD IRSH CHED BULK RAW WHT,,
Traditional,RU,10097050,97050,TRD IRSH CHED BULK RAW RED,,
Traditional,RU,10097051,97051,TRD IRSH CHED BULK HRSERAD,,
Traditional,RU,10097052,97052,TRD IRSH CHED BULK GRLC,,
Traditional,RU,10097053,97053,TRD IRSH CHED BULK ONION,,
Traditional,RU,10097054,97054,TRD IRSH CHED BULK SUN TOM,,
Traditional,RU,10097055,97055,TRD IRSH CHED BULK BLCK PEP,,
Traditional,RU,10097056,97056,TRD IRISH CHED TRIO BOX,,
Gay Lea,2910,10100350,,Black River Cheddar Maple,72,Forecast AS400
Gay Lea,2910,10100351,,Ivanhoe Cheddar Coloured Old Shape,,
Gay Lea,2910,10100352,,Black River Monterey Jack,46,Forecast AS400
Old Croc,2910,10030326,30326,OLD CROC 198G CHEDDAR AGED,150,Forecast AS400
Old Croc,2910,10030327,30327,OLD CROC 198G CHEDDAR X-AGED,120,Forecast AS400
Old Croc,2910,10030338,30338,OLD CROC SAMPLING KIT,,
Old Croc,2910,10030339,30339,DOWN UNDER POS KIT,,
Old Croc,2910,10030396,30396,OLD CROC 198G GRAND RESERVE,20,Forecast AS400
Old Croc,2910,10030416,30416,OLD CROC BULK CHEDDAR X-AGED,15,Forecast AS400
Old Croc,2910,10030418,30418,OLD CROC BULK GRAND RESERVE,5,Forecast AS400
Old Croc,2920,10030326,30326,OLD CROC 198G CHEDDAR AGED,10,Forecast AS400
Old Croc,2920,10030327,30327,OLD CROC 198G CHEDDAR X-AGED,20,Forecast AS400
Old Croc,2920,10030338,30338,OLD CROC SAMPLING KIT,,
Old Croc,2920,10030339,30339,DOWN UNDER POS KIT,,
Old Croc,2920,10030396,30396,OLD CROC 198G GRAND RESERVE,4,Forecast AS400
Old Croc,2920,10030416,30416,OLD CROC BULK CHEDDAR X-AGED,8,Forecast AS400
Old Croc,2920,10030418,30418,OLD CROC BULK GRAND RESERVE,2,Forecast AS400
Old Croc,2930,10030326,30326,OLD CROC 198G CHEDDAR AGED,35,Forecast AS400
Old Croc,2930,10030327,30327,OLD CROC 198G CHEDDAR X-AGED,70,Forecast AS400
Old Croc,2930,10030338,30338,OLD CROC SAMPLING KIT,,
Old Croc,2930,10030339,30339,DOWN UNDER POS KIT,,
Old Croc,2930,10030396,30396,OLD CROC 198G GRAND RESERVE,20,Forecast AS400
Old Croc,2930,10030416,30416,OLD CROC BULK CHEDDAR X-AGED,2,Forecast AS400
Old Croc,2930,10030418,30418,OLD CROC BULK GRAND RESERVE,2,Forecast AS400
